Feature,Importance
HIV/AIDS,0.5961903799886228
Income composition of resources,0.1722225667954477
Adult Mortality,0.12480149193384965
BMI,0.017633310022350496
under-five deaths,0.01684244530914729
Schooling,0.010185878491454812
thinness 5-9 years,0.009465331651903738
Alcohol,0.007613193706319955
Year,0.0071588995750400015
thinness  1-19 years,0.00550984415541145
Total expenditure,0.0050680747025606005
Polio,0.00444461423369064
percentage expenditure,0.0038672993976723697
Measles,0.003545534446061134
Population,0.003493608827265578
infant deaths,0.003402550412906403
GDP,0.003386257231373376
Diphtheria,0.0030322117718810594
Hepatitis B,0.0018550596065868878
x0_Developed,0.00015244107455614296
x0_Developing,0.0001290066658978316
